{
	"parent": "item/handheld",
	"textures": {
		"layer0": "compsmp:item/emanator"
	},
  "display": {
    "ground": {
      "scale":[0.5, 0.5, 0.5]
    },
    "thirdperson_righthand": {
      "rotation": [0, -45, 45],
      "translation": [-1, 3, 0],
      "scale": [0.7, 0.7, 0.7]
    },
    "thirdperson_lefthand": {
      "rotation": [0, -45, -45],
      "translation": [-1, 3, 0],
      "scale": [0.7, 0.7, 0.7]
    },
    "firstperson_righthand": {
      "rotation": [0, -45, 45],
      "translation": [-1, 3, 0],
      "scale": [0.7, 0.7, 0.7]
    },
    "firstperson_lefthand": {
      "rotation": [0, -45, -45],
      "translation": [-1, 3, 0],
      "scale": [0.7, 0.7, 0.7]
    }
  }
}
